State,Year,Population.12-17,Population.18-25,Population.26+,Totals.Alcohol.Use Disorder Past Year.12-17,Totals.Alcohol.Use Disorder Past Year.18-25,Totals.Alcohol.Use Disorder Past Year.26+,Rates.Alcohol.Use Disorder Past Year.12-17,Rates.Alcohol.Use Disorder Past Year.18-25,Rates.Alcohol.Use Disorder Past Year.26+,Totals.Alcohol.Use Past Month.12-17,Totals.Alcohol.Use Past Month.18-25,Totals.Alcohol.Use Past Month.26+,Rates.Alcohol.Use Past Month.12-17,Rates.Alcohol.Use Past Month.18-25,Rates.Alcohol.Use Past Month.26+,Totals.Tobacco.Cigarette Past Month.12-17,Totals.Tobacco.Cigarette Past Month.18-25,Totals.Tobacco.Cigarette Past Month.26+,Rates.Tobacco.Cigarette Past Month.12-17,Rates.Tobacco.Cigarette Past Month.18-25,Rates.Tobacco.Cigarette Past Month.26+,Totals.Illicit Drugs.Cocaine Used Past Year.12-17,Totals.Illicit Drugs.Cocaine Used Past Year.18-25,Totals.Illicit Drugs.Cocaine Used Past Year.26+,Rates.Illicit Drugs.Cocaine Used Past Year.12-17,Rates.Illicit Drugs.Cocaine Used Past Year.18-25,Rates.Illicit Drugs.Cocaine Used Past Year.26+,Totals.Marijuana.New Users.12-17,Totals.Marijuana.New Users.18-25,Totals.Marijuana.New Users.26+,Rates.Marijuana.New Users.12-17,Rates.Marijuana.New Users.18-25,Rates.Marijuana.New Users.26+,Totals.Marijuana.Used Past Month.12-17,Totals.Marijuana.Used Past Month.18-25,Totals.Marijuana.Used Past Month.26+,Rates.Marijuana.Used Past Month.12-17,Rates.Marijuana.Used Past Month.18-25,Rates.Marijuana.Used Past Month.26+,Totals.Marijuana.Used Past Year.12-17,Totals.Marijuana.Used Past Year.18-25,Totals.Marijuana.Used Past Year.26+,Rates.Marijuana.Used Past Year.12-17,Rates.Marijuana.Used Past Year.18-25,Rates.Marijuana.Used Past Year.26+,Totals.Tobacco.Use Past Month.12-17,Totals.Tobacco.Use Past Month.18-25,Totals.Tobacco.Use Past Month.26+,Rates.Tobacco.Use Past Month.12-17,Rates.Tobacco.Use Past Month.18-25,Rates.Tobacco.Use Past Month.26+
Alabama,2002,380805,499453,2812905,18,68,138,48.336,136.49,49.068,57,254,1048,150.033,509.551,372.703,52,196,728,136.906,392.404,258.844,6,27,49,16.556,54.892,17.513,20,18,2,59.732,62.325,0.914,24,62,73,63.662,124.672,25.967,49,119,141,127.535,237.88,50.275,63,226,930,166.578,451.976,330.659
California,2002,3140739,3919577,21392421,173,581,1298,55.109,148.312,60.692,480,2176,11847,152.791,555.278,553.8009999999999,235,1245,4028,74.824,317.661,188.269,53,259,410,16.995,66.05199999999999,19.184,158,126,17,58.786,62.67399999999999,1.4369999999999998,241,631,978,76.595,160.916,45.736,443,1109,1670,141.067,282.887,78.068,290,1377,4721,92.235,351.353,220.699
Florida,2002,1346297,1576278,11066322,73,266,620,53.965,168.893,56.042,234,940,6162,173.50199999999998,596.576,556.781,165,579,2610,122.611,367.507,235.882,26,108,220,19.419,68.27600000000001,19.887,77,52,8,67.541,64.396,1.167,115,279,526,85.194,176.802,47.513,217,470,900,161.342,298.324,81.349,193,655,3089,143.35899999999998,415.541,279.116
Hawaii,2002,103803,122789,761280,7,22,45,64.197,181.383,59.655,19,72,390,179.60899999999998,585.743,512.835,9,42,166,87.795,343.201,217.747,2,7,9,17.017,55.153,11.654,6,5,0,70.172,89.015,0.719,11,21,37,102.273,169.993,49.01,19,37,59,180.861,302.008,77.044,13,45,186,123.329,365.9,243.703
Michigan,2002,895753,1091376,6298792,57,200,444,64.189,182.904,70.502,172,724,3561,192.279,662.9770000000001,565.3629999999999,122,467,1747,135.937,428.101,277.355,19,68,128,20.767,62.648,20.267,51,39,4,67.834,76.569,1.363,83,202,312,92.345,184.877,49.524,153,353,539,170.32,323.818,85.498,142,520,2036,158.902,476.4,323.166
Nevada,2002,184670,215631,1379759,13,35,95,69.304,161.86100000000002,68.76,34,122,747,183.959,563.721,541.201,24,78,441,127.314,364.012,319.471,4,16,23,19.736,73.462,16.556,12,6,1,84.232,60.78,1.509,18,39,78,95.757,182.867,56.828,36,63,115,196.742,290.153,83.078,28,91,503,153.051,423.759,364.718
New York,2002,1562426,2036478,12316861,87,323,727,55.929,158.409,59.004,305,1310,7093,194.95,643.389,575.879,185,818,3050,118.097,401.675,247.615,22,141,248,14.14,69.253,20.154,93,81,8,68.483,80.16,1.177,137,437,593,87.551,214.4,48.169,250,684,1010,159.821,335.951,82.012,200,889,3498,127.82099999999998,436.408,283.994
Pennsylvania,2002,1028108,1290045,8009346,55,233,427,53.442,180.818,53.342,186,837,4256,180.594,648.47,531.38,151,578,2129,147.341,447.779,265.85900000000004,15,85,144,14.852,66.223,17.926000000000002,60,47,5,66.53,75.078,1.021,84,228,270,81.782,176.56199999999998,33.748,157,386,477,152.37,299.531,59.498000000000005,172,647,2582,167.494,501.746,322.407
Texas,2002,2018953,2512206,12788834,118,422,780,58.449,167.846,60.979,355,1457,6376,175.641,579.855,498.598,235,984,3208,116.542,391.825,250.87500000000003,52,167,203,25.834,66.628,15.841,114,77,14,65.191,55.505,1.399,129,323,377,63.776,128.555,29.508,281,560,641,139.097,222.794,50.138000000000005,272,1067,3801,134.548,424.743,297.251
Alabama,2003,381563,503783,2834977,18,68,135,48.108,135.339,47.755,60,260,1137,156.79299999999998,517.024,400.951,51,200,779,134.81199999999998,396.331,274.90500000000003,6,28,46,15.842,56.283,16.102,19,16,2,57.088,58.363,1.287,25,69,81,64.254,137.853,28.499,51,127,156,134.02,252.083,55.134,67,238,994,174.33499999999998,472.788,350.657
California,2003,3209345,3949889,21686129,204,655,1336,63.63199999999999,165.86100000000002,61.59,540,2206,11848,168.149,558.465,546.34,279,1241,3621,86.938,314.24800000000005,166.95399999999998,52,267,417,16.061,67.505,19.236,169,139,13,61.018,66.741,1.087,273,641,1019,85.16,162.333,46.98,469,1099,1625,146.02499999999998,278.214,74.923,349,1380,4238,108.76,349.357,195.433
Florida,2003,1376459,1658368,11277251,77,274,662,56.203,165.084,58.74,236,979,6086,171.702,590.095,539.709,146,590,2700,106.299,355.712,239.414,22,120,217,16.342,72.52,19.256,71,49,9,59.333,59.361,1.229,100,274,465,72.949,165.227,41.276,196,482,833,142.577,290.69800000000004,73.86800000000001,170,688,3174,123.377,415.047,281.421
Hawaii,2003,100549,121734,791438,7,22,46,68.888,178.68300000000002,58.412,17,73,405,164.403,603.0799999999999,511.814,9,44,153,89.556,359.844,193.869,1,7,10,12.972,53.682,12.121,5,5,0,74.49600000000001,76.88499999999999,0.553,10,20,36,97.143,166.16500000000002,45.824,17,36,57,169.883,293.88199999999995,71.927,12,47,172,123.858,386.069,217.209
Michigan,2003,902553,1108787,6328980,54,191,385,60.237,172.44799999999998,60.76,164,733,3487,182.149,660.8009999999999,550.999,121,490,1710,133.84199999999998,441.521,270.232,14,70,125,15.66,63.24399999999999,19.788,51,38,5,66.869,74.18299999999999,1.517,79,211,313,87.733,189.878,49.494,146,356,550,161.73299999999998,320.783,86.833,140,539,2009,154.904,486.272,317.364
Nevada,2003,192336,228424,1437719,13,41,99,66.876,180.282,68.79100000000001,33,129,711,174.098,562.625,494.352,21,83,390,110.135,361.575,271.082,3,14,20,15.123,60.195,13.733,11,6,1,68.309,53.245,1.378,15,35,65,78.151,152.39,44.945,33,59,105,171.134,256.754,72.74600000000001,26,97,441,134.91500000000002,423.571,307.004
New York,2003,1571709,2047533,12344264,86,323,661,54.891000000000005,157.61700000000002,53.577,299,1313,6910,190.07,641.408,559.801,174,817,2976,110.404,399.055,241.084,22,156,225,13.863,76.00999999999999,18.262,86,77,9,62.79600000000001,76.523,1.218,133,439,613,84.62,214.597,49.672,235,678,970,149.474,330.986,78.614,196,881,3379,124.926,430.314,273.728
Pennsylvania,2003,1034227,1315867,8027780,58,251,475,56.337,190.684,59.205,184,856,4379,177.508,650.398,545.43,142,586,2086,137.31799999999998,445.272,259.866,17,95,160,16.775000000000002,72.473,19.975,57,48,6,63.284000000000006,75.21600000000001,1.268,80,233,310,77.523,177.426,38.676,149,405,539,143.93800000000002,307.61,67.116,164,656,2559,158.489,498.761,318.722
Texas,2003,2038642,2577160,12992311,113,405,774,55.423,157.06400000000002,59.61000000000001,340,1430,6465,166.87099999999998,554.831,497.565,228,977,3401,111.664,378.9620000000001,261.78000000000003,50,158,216,24.457,61.39,16.632,102,75,11,57.748,50.731,1.263,122,325,379,59.671,126.078,29.156,272,559,664,133.265,216.891,51.079,264,1081,3967,129.632,419.642,305.34099999999995
Alabama,2004,380150,506120,2871062,21,64,161,54.66,126.724,56.095,61,266,1254,159.748,526.256,436.939,47,197,773,124.25,388.654,269.372,6,31,43,15.925999999999998,60.775000000000006,15.039,17,14,3,51.428,51.097,1.531,26,71,87,67.209,139.53799999999998,30.454,48,124,156,126.519,245.615,54.321,61,234,934,159.465,462.976,325.489
California,2004,3290671,3974135,21850567,200,665,1395,60.806,167.423,63.85399999999999,533,2187,11879,162.028,550.198,543.667,295,1206,3822,89.709,303.49,174.903,52,251,322,15.880999999999998,63.122,14.729,164,126,21,57.477,57.879,1.635,247,643,1061,74.991,161.887,48.548,458,1102,1762,139.21900000000002,277.279,80.63,358,1353,4459,108.731,340.423,204.054
Florida,2004,1404055,1719548,11530104,81,291,802,57.603,169.437,69.58300000000001,239,1008,6382,170.06199999999998,585.913,553.466,142,620,2798,101.047,360.367,242.635,25,139,223,17.705,80.754,19.298,73,49,10,60.007,56.774,1.439,102,309,452,72.884,179.681,39.199,203,506,766,144.831,294.128,66.44500000000001,168,721,3316,119.509,419.212,287.626
Hawaii,2004,100585,123191,796942,5,22,43,53.72,175.057,53.803,14,71,396,137.357,577.742,496.298,8,44,147,77.192,357.082,184.144,2,7,11,15.016,54.883,14.328,5,4,1,62.499,66.521,1.897,8,21,35,76.05099999999999,166.669,43.639,14,36,62,144.05399999999997,289.861,77.956,10,49,170,102.966,394.285,213.193
Michigan,2004,907902,1111809,6354775,51,210,399,55.67,188.878,62.844,155,737,3645,170.88600000000002,663.014,573.5590000000001,111,503,1742,122.424,452.422,274.047,14,77,107,15.461,69.657,16.898,49,38,7,62.168,75.685,2.024,68,207,287,74.94000000000001,185.745,45.143,131,360,511,144.362,324.08,80.416,127,555,2052,139.493,499.302,322.954
Nevada,2004,201110,239773,1493077,13,47,102,62.274,196.778,68.648,33,137,761,165.56199999999998,573.268,509.487,21,93,399,106.378,387.764,267.471,3,16,18,16.092,64.839,12.163,11,5,2,63.25600000000001,45.819,1.961,14,39,65,69.756,160.589,43.769000000000005,30,66,106,147.089,275.72200000000004,70.998,26,105,465,128.159,436.766,311.196
New York,2004,1584677,2050011,12371557,85,348,671,53.77,169.526,54.2,297,1298,7037,187.494,632.971,568.822,170,810,2946,107.096,395.321,238.09,24,151,223,15.406,73.502,18.057,79,66,13,57.342,65.307,1.782,133,428,601,83.994,209.001,48.544,232,663,1022,146.465,323.397,82.578,202,882,3342,127.407,430.356,270.107
Pennsylvania,2004,1035623,1322980,8059411,58,252,478,56.476,190.262,59.258,173,858,4477,166.85,648.453,555.515,135,572,2095,130.823,432.545,259.891,16,101,139,15.182,76.417,17.259,55,42,8,61.002,65.775,1.6949999999999998,71,238,326,68.805,180.233,40.446000000000005,146,409,586,141.05599999999998,309.331,72.674,160,646,2509,154.46099999999998,488.356,311.264
Texas,2004,2052845,2628020,13267576,108,428,851,52.479,162.77700000000002,64.124,347,1515,6864,169.129,576.487,517.347,203,972,3333,98.864,369.991,251.21500000000003,49,175,206,24.081000000000003,66.691,15.501,88,75,16,49.183,51.063,1.673,118,334,381,57.63999999999999,127.259,28.75,250,585,700,121.975,222.714,52.771,243,1108,3992,118.151,421.485,300.891
Alabama,2005,384026,504331,2899055,19,66,160,49.386,130.609,55.082,61,269,1274,159.487,534.311,439.526,45,196,803,117.626,387.718,276.982,5,31,48,14.212000000000002,61.882,16.429,17,15,3,48.558,49.161,1.364,24,62,94,61.922,122.741,32.476,42,108,152,110.363,214.238,52.344,58,232,983,151.477,460.172,339.205
California,2005,3293484,4085207,22046720,182,710,1539,55.341,173.875,69.786,487,2375,11972,147.934,581.314,543.0310000000001,258,1251,4341,78.32600000000001,306.295,196.887,55,270,328,16.548000000000002,66.146,14.878,155,114,20,54.006,52.719,1.595,217,695,1054,65.814,170.162,47.801,436,1161,1736,132.47400000000002,284.125,78.748,313,1402,4944,94.911,343.297,224.262
Florida,2005,1405376,1765323,11819668,73,295,756,51.716,167.073,63.969,234,1035,6727,166.459,586.429,569.1270000000001,135,622,2801,96.332,352.36400000000003,236.984,24,141,234,16.935,79.904,19.803,71,54,9,57.347,58.614,1.331,98,315,437,70.002,178.459,36.970000000000006,192,521,743,136.838,295.189,62.823,162,728,3324,115.192,412.222,281.261
Hawaii,2005,101214,124633,806534,5,22,48,46.963,172.613,59.25,13,72,397,131.509,581.3040000000001,492.715,7,42,154,72.187,336.49800000000005,191.16,1,6,11,14.105,52.03,13.387,4,4,1,58.992,72.015,2.442,7,20,31,69.585,158.113,38.415,14,36,56,142.366,285.892,69.99,9,46,174,91.451,365.932,215.681
Michigan,2005,901407,1105696,6379828,47,227,423,52.68,205.36,66.302,148,758,3806,164.244,685.7879999999999,596.6360000000001,102,495,1748,113.298,448.133,273.988,14,73,94,15.084,66.401,14.791,46,38,7,58.249,76.197,2.016,65,188,286,72.662,170.458,44.78,124,359,516,137.849,325.072,80.84700000000001,121,552,2058,134.076,499.24,322.647
Nevada,2005,206623,246089,1551580,13,44,108,63.645,178.843,69.45700000000001,33,148,861,160.84699999999998,603.183,554.939,21,95,421,103.912,387.39,271.20300000000003,4,16,21,19.195,66.758,13.618,11,6,2,62.83,49.775,2.065,15,41,80,74.912,164.84799999999998,51.306,30,68,117,143.60600000000002,277.13100000000003,75.329,25,106,486,120.243,428.973,313.343
New York,2005,1587906,2106543,12383739,84,352,689,52.898,166.93800000000002,55.641000000000005,306,1353,7142,192.407,642.43,576.736,154,794,2947,96.725,376.943,237.953,24,155,273,14.812,73.407,22.082,79,64,12,56.922,63.176,1.659,123,426,595,77.35000000000001,202.385,48.078,232,673,1048,145.80599999999998,319.449,84.601,189,878,3333,119.163,416.882,269.183
Pennsylvania,2005,1029986,1325571,8088579,53,235,434,51.721,177.435,53.707,171,847,4453,165.53699999999998,638.632,550.53,131,544,2073,126.88,410.035,256.28000000000003,15,89,128,14.437,67.329,15.764,53,44,7,58.594,64.705,1.518,68,230,324,66.465,173.602,40.015,142,395,579,137.95499999999998,298.144,71.524,156,624,2483,151.567,470.811,307.00600000000003
Texas,2005,2083455,2674678,13620520,104,429,926,49.852,160.54399999999998,68.005,345,1591,7164,165.523,594.9219999999999,525.948,201,985,3496,96.272,368.406,256.656,43,187,222,20.579,69.998,16.284,94,72,14,51.67,48.641,1.5,116,321,361,55.644,120.136,26.475,242,595,705,116.13,222.424,51.736,243,1133,4238,116.729,423.707,311.139
Alabama,2006,386639,500168,2919719,19,65,156,48.496,130.17999999999998,53.316,58,261,1205,149.648,522.224,412.686,46,194,846,119.558,387.972,289.616,5,25,45,13.287,50.542,15.29,18,15,2,50.085,47.082,1.011,21,57,92,54.082,113.858,31.572000000000003,43,96,163,112.026,192.794,55.699,64,239,1002,164.336,478.203,343.2
California,2006,3251070,4216574,22275311,186,717,1526,57.343,170.077,68.528,505,2478,11703,155.357,587.773,525.363,226,1240,4452,69.56400000000001,294.115,199.847,56,281,389,17.215999999999998,66.745,17.465999999999998,150,133,14,52.316,58.304,1.0510000000000002,221,714,1018,68.116,169.433,45.699,424,1180,1726,130.271,279.85900000000004,77.47999999999999,286,1417,5099,88.12,336.126,228.918
Florida,2006,1389340,1778827,12041147,69,281,720,49.641,158.20899999999995,59.796,233,1052,6732,167.877,591.57,559.122,132,631,2964,94.78,354.577,246.136,23,124,202,16.519,69.97399999999999,16.792,68,56,7,55.108,59.121,0.925,96,311,435,69.34400000000001,175.069,36.145,175,491,760,126.187,276.267,63.109,162,736,3481,116.622,413.478,289.058
Hawaii,2006,99465,126140,819708,6,24,61,59.309,189.226,73.98,14,77,410,140.983,612.007,500.62,7,45,167,70.646,352.94199999999995,203.41,1,7,12,14.106,56.747,14.489,5,4,0,63.343,75.932,0.887,7,20,30,70.50399999999999,156.663,37.207,14,35,47,141.14499999999998,280.289,57.005,10,49,184,100.489,387.747,224.161
Michigan,2006,888059,1095038,6401469,50,209,426,55.798,190.475,66.59,143,741,3758,161.35399999999998,677.1080000000001,587.101,95,457,1617,107.344,417.417,252.534,10,68,93,11.64,61.834,14.58,45,39,4,57.843,78.711,1.219,67,202,317,75.522,184.504,49.523,121,359,517,136.62099999999998,327.784,80.753,118,516,1934,132.438,471.581,302.195
Nevada,2006,211067,243884,1609285,13,43,109,63.25,175.809,68.017,32,147,904,149.985,600.754,561.5830000000001,21,90,435,100.487,368.648,270.38,4,16,27,20.57,66.161,16.926,9,6,1,55.421,54.466,1.356,15,35,72,70.515,142.309,44.613,29,61,120,138.234,249.673,74.31500000000001,25,101,484,118.463,412.928,300.454
New York,2006,1579916,2179143,12397704,74,342,663,46.523,157.062,53.474,300,1417,7177,190.026,650.3290000000001,578.877,130,734,2767,82.103,336.843,223.153,21,154,274,13.165,70.581,22.069,80,74,8,57.596,67.558,1.08,117,437,570,74.333,200.599,45.963,220,690,986,139.329,316.844,79.539,163,829,3120,103.486,380.524,251.657
Pennsylvania,2006,1018244,1324878,8099649,50,234,422,49.104,176.506,52.116,174,847,4532,171.174,639.0519999999999,559.5609999999999,128,515,2027,125.68099999999998,388.366,250.223,14,80,120,13.372,60.24,14.806,52,48,5,57.184,67.11,0.961,70,210,279,69.086,158.62699999999998,34.418,136,378,501,133.217,285.294,61.906000000000006,154,606,2451,150.96599999999998,457.394,302.587
Texas,2006,2105817,2699382,13969152,105,398,856,50.082,147.32,61.278,311,1565,7079,147.784,579.668,506.78,199,929,3540,94.731,344.279,253.415,43,156,233,20.397,57.928,16.687,95,70,10,51.409000000000006,45.412,1.062,115,297,385,54.706,110.131,27.562,236,554,693,112.224,205.14,49.589,239,1078,4201,113.259,399.23,300.769
Alabama,2007,383012,499641,2945019,17,65,158,45.596,131.019,53.541,50,262,1234,130.411,524.713,419.022,43,192,804,113.181,383.97,272.868,4,20,36,10.322,39.479,12.175,16,15,2,45.213,46.279,1.078,20,65,90,52.351,129.917,30.587,42,103,163,108.52,207.027,55.397,56,237,956,147.446,473.836,324.69100000000003
California,2007,3209102,4257978,22463775,179,714,1389,55.925,167.796,61.817,475,2462,11946,147.934,578.177,531.786,213,1215,4371,66.251,285.42400000000004,194.592,51,261,367,15.85,61.256,16.316,157,170,19,55.822,71.455,1.302,221,736,1037,68.79899999999999,172.88899999999998,46.16,425,1254,1782,132.45000000000002,294.41299999999995,79.33800000000001,269,1410,5074,83.68100000000001,331.231,225.877
Florida,2007,1368710,1777472,12159193,66,273,764,47.918,153.641,62.82699999999999,221,1037,6794,161.54399999999998,583.154,558.7339999999999,125,614,2937,91.265,345.64,241.548,20,99,186,14.668,55.531,15.327,64,58,7,51.703,58.111,1.05,90,278,492,65.489,156.205,40.436,169,463,849,123.323,260.407,69.82,156,718,3501,113.668,403.789,287.91099999999994
Hawaii,2007,95794,128777,828347,5,23,59,56.627,176.60600000000002,71.275,12,75,420,126.381,586.108,506.842,7,46,175,69.232,358.267,211.395,1,7,14,15.275,55.002,16.523,5,4,0,65.54,78.045,0.707,7,22,41,70.893,173.119,49.735,13,38,59,136.346,292.883,70.794,10,50,194,99.676,388.492,233.917
Michigan,2007,869168,1086307,6405116,47,191,406,54.051,175.82500000000002,63.4,136,720,3706,156.827,662.734,578.553,91,431,1608,104.282,396.636,251.013,10,68,101,11.347,62.458,15.768,43,41,5,56.84,79.89699999999999,1.338,64,209,314,73.572,192.04,48.992,118,349,497,136.08200000000002,321.217,77.561,114,497,1923,131.012,457.2,300.221
Nevada,2007,213693,241972,1646368,13,42,111,60.903,175.38899999999998,67.30600000000001,31,142,917,143.896,586.179,557.071,21,85,452,99.518,350.40700000000004,274.43600000000004,5,17,31,21.226,69.532,19.044,10,7,2,57.274,62.291,1.5399999999999998,16,39,75,75.762,163.176,45.621,32,67,128,150.489,276.107,77.462,25,97,501,116.951,402.207,304.152
New York,2007,1559314,2218415,12500501,74,377,702,47.594,170.141,56.168,271,1453,7276,174.098,655.1519999999999,582.02,129,740,2595,82.97699999999999,333.566,207.612,20,143,261,12.508,64.631,20.877,78,76,9,57.224,67.316,1.26,122,473,535,78.263,213.108,42.833000000000006,222,717,940,142.539,323.362,75.19099999999999,163,852,2959,104.421,384.183,236.729
Pennsylvania,2007,998611,1325852,8116495,48,235,444,48.208,177.369,54.703,167,858,4592,167.16400000000002,646.9,565.763,118,507,2069,117.816,382.212,254.899,14,81,134,13.856,61.341,16.462,48,45,5,53.507,67.25699999999999,1.071,69,203,267,69.422,153.238,32.944,123,357,472,123.139,268.928,58.137,144,596,2484,144.476,449.291,306.017
Texas,2007,2107904,2702238,14256754,103,402,810,48.697,148.642,56.81,298,1554,7117,141.405,574.975,499.229,185,913,3365,87.81899999999999,337.72400000000005,236.037,35,138,210,16.396,51.066,14.76,91,78,10,48.825,49.611,1.144,121,316,407,57.441,116.967,28.572,232,545,698,110.042,201.613,48.969,222,1049,4020,105.207,388.092,281.951
Alabama,2008,379377,505718,2974610,16,70,162,41.228,137.476,54.504,48,275,1334,126.95300000000002,544.142,448.369,39,193,803,104.036,381.565,269.786,3,17,33,7.569,34.392,11.111,16,17,2,44.659,55.28,1.161,22,73,100,56.982,144.948,33.529,38,114,175,101.094,226.03500000000005,58.909000000000006,50,230,991,132.61100000000002,454.119,333.293
California,2008,3147890,4329856,22568441,166,709,1492,52.708,163.64100000000002,66.106,444,2589,12185,141.08399999999995,597.891,539.929,222,1281,4292,70.498,295.762,190.17,44,241,352,13.912,55.71,15.601,182,171,19,66.64399999999999,73.85799999999999,1.385,242,808,1256,77.004,186.706,55.653,476,1392,2010,151.175,321.473,89.062,298,1488,5063,94.674,343.718,224.347
Florida,2008,1348640,1804515,12261205,58,263,745,43.277,146.02,60.793,206,1027,6692,152.962,569.056,545.769,112,588,2790,83.04899999999999,326.11,227.583,14,85,179,10.519,47.033,14.56,65,63,7,53.453,62.188,1.047,85,274,533,63.121,152.105,43.509,175,480,905,129.39600000000002,265.83,73.825,143,692,3292,106.101,383.564,268.468
Hawaii,2008,93198,131005,828273,5,21,53,58.328,163.376,63.751000000000005,11,75,422,116.426,572.083,509.469,7,45,161,76.032,340.67,194.618,1,6,12,12.456,43.937,14.002,4,4,0,64.15899999999999,75.69099999999999,1.146,7,25,57,77.19800000000001,191.485,68.40599999999999,13,41,72,144.518,311.356,87.385,9,49,177,99.325,372.58,213.168
Michigan,2008,842712,1086902,6402870,41,183,412,48.983,167.941,64.288,123,693,3739,145.592,637.3109999999999,583.917,87,433,1656,103.427,397.92,258.701,9,62,95,10.532,57.399,14.91,44,46,4,59.749,87.222,1.345,66,206,354,78.844,189.865,55.212,120,351,545,142.1,323.33,85.076,109,498,1931,128.832,458.633,301.656
Nevada,2008,214026,246764,1668924,12,41,109,54.03,167.62099999999998,65.331,33,149,978,152.945,603.2389999999999,586.273,20,84,417,94.441,339.221,249.704,3,17,30,15.019,67.209,17.941,12,8,2,71.596,65.514,1.45,19,45,84,89.631,183.422,50.57,35,72,129,164.522,289.8,77.449,26,100,480,119.788,404.035,287.75600000000003
New York,2008,1535172,2262614,12574826,82,410,799,53.117,180.997,63.56,258,1501,7365,168.298,663.191,585.712,126,778,2584,82.15,343.786,205.471,17,165,254,10.861,73.087,20.194,81,81,9,60.525000000000006,73.843,1.346,131,522,612,85.013,230.887,48.67,228,823,1048,148.748,363.572,83.372,165,885,2972,107.34,391.349,236.351
Pennsylvania,2008,980441,1342616,8192882,41,229,455,42.148,170.745,55.588,164,890,4737,167.31799999999998,663.0749999999999,578.138,109,520,2073,111.335,387.177,252.988,11,79,149,10.848999999999998,58.599,18.202,48,51,5,53.672,74.715,1.044,71,229,311,71.946,170.768,37.977,126,386,543,128.691,287.76800000000003,66.236,136,608,2513,138.43800000000002,452.948,306.74600000000004
Texas,2008,2113980,2737418,14523007,98,404,850,46.258,147.57600000000002,58.535,298,1601,7483,140.854,584.896,515.2379999999999,173,921,3268,81.70700000000001,336.384,225.05,25,139,203,11.597,50.885,13.97,99,92,10,52.017,58.589,1.143,129,368,422,61.057,134.467,29.057,238,603,769,112.409,220.299,52.926,212,1050,3981,100.1,383.627,274.11600000000004
Alabama,2009,375942,515510,2993410,16,71,178,42.954,136.93099999999998,59.574000000000005,46,270,1359,121.178,523.092,453.932,34,191,826,90.082,371.373,276.034,3,13,24,6.722,26.142,8.094000000000001,16,17,2,45.413,57.413,1.323,22,72,99,57.453,139.016,32.954,41,118,191,107.952,229.293,63.953,45,228,996,118.858,442.994,332.852
California,2009,3101979,4325900,22773074,167,689,1566,53.891,159.286,68.771,434,2639,12132,139.94799999999998,609.933,532.7180000000001,212,1248,4141,68.26899999999999,288.489,181.82,40,244,352,12.775,56.414,15.478,185,164,29,68.778,74.041,2.039,267,863,1358,85.956,199.448,59.631,493,1422,2234,158.84,328.70300000000003,98.088,281,1468,4813,90.573,339.314,211.328
Florida,2009,1336737,1850052,12361513,59,255,739,44.363,137.989,59.789,192,1051,6642,143.584,567.965,537.2829999999999,106,587,2779,79.489,317.257,224.824,12,93,182,8.769,50.496,14.722,68,66,12,56.871,64.015,1.402,92,319,535,69.16,172.24,43.318000000000005,189,530,952,141.02700000000002,286.66700000000003,77.018,139,695,3244,104.279,375.616,262.442
Hawaii,2009,91104,131160,827725,5,22,53,54.901,171.435,64.57300000000001,12,78,412,129.236,598.007,498.318,7,43,158,71.64800000000001,326.086,190.807,1,6,10,8.722000000000001,43.569,12.192,4,5,1,68.46199999999999,82.371,2.116,7,26,49,78.972,198.945,59.664,13,41,68,138.598,314.634,82.23700000000001,9,48,180,100.392,367.97,217.446
Michigan,2009,822105,1097830,6398696,37,173,430,44.943,157.628,67.16,110,687,3756,133.482,626.1529999999999,586.951,78,430,1647,94.851,391.695,257.45,7,50,81,8.635,45.406,12.691,43,48,4,60.387,89.292,1.469,67,220,414,80.901,200.577,64.719,118,358,610,142.96200000000002,325.85,95.315,98,498,1905,119.14,453.451,297.66900000000004
Nevada,2009,212438,257198,1680228,11,47,123,53.828,181.316,73.404,31,150,992,144.679,584.4549999999999,590.514,16,85,408,73.87,331.65099999999995,242.969,2,17,33,10.551,65.878,19.348,11,8,2,65.137,63.73,1.773,16,47,88,76.10300000000001,181.645,52.205,32,72,138,150.224,280.333,81.872,21,102,466,99.302,396.239,277.374
New York,2009,1509858,2236966,12648267,75,371,758,49.692,165.97,59.926,253,1490,7371,167.483,665.952,582.758,118,709,2645,77.906,316.995,209.129,15,144,211,9.658,64.24499999999999,16.692999999999998,76,85,11,57.09,74.30799999999999,1.641,130,480,660,85.78099999999999,214.614,52.197,216,773,1142,143.2,345.613,90.304,151,815,3004,99.776,364.223,237.529
Pennsylvania,2009,962444,1360835,8272159,40,226,459,41.563,165.80900000000003,55.505,152,902,4798,157.84500000000003,662.771,580.0600000000001,99,520,2035,102.84,381.83,246.038,8,70,128,8.81,51.684,15.521,50,58,6,58.092,82.729,1.252,71,261,321,74.03800000000001,191.828,38.772,131,428,603,136.163,314.337,72.865,125,613,2514,129.423,450.269,303.905
Texas,2009,2125058,2813275,14745138,97,415,849,45.767,147.425,57.6,284,1666,7724,133.53699999999998,592.309,523.8000000000001,170,918,3248,79.951,326.151,220.264,24,132,191,11.281,47.032,12.967,104,104,14,54.812,64.815,1.605,138,415,511,64.903,147.401,34.643,263,671,875,123.79,238.34,59.318000000000005,210,1079,3897,99.051,383.53,264.286
Alabama,2010,386718,535455,3052348,14,64,128,35.191,120.055,42.083000000000006,43,274,1375,111.804,511.119,450.579,34,195,815,87.872,364.797,267.157,3,13,32,6.677,24.98,10.345,16,18,2,46.016,55.941,1.186,23,76,112,58.274,142.542,36.742,43,120,183,110.797,223.545,59.822,43,232,990,110.05,433.35,324.356
California,2010,3195149,4379387,23321879,172,705,1432,53.704,161.07,61.416,447,2557,12372,139.768,583.841,530.477,207,1214,3667,64.748,277.171,157.252,42,243,292,13.138,55.587,12.512,197,191,36,71.88799999999999,83.52900000000001,2.439,307,925,1426,96.231,211.2,61.146,545,1429,2345,170.696,326.336,100.568,245,1411,4391,76.829,322.235,188.273
Florida,2010,1383191,1933760,12708633,55,257,616,39.802,132.776,48.508,174,1117,6873,125.885,577.4010000000001,540.8,91,605,2773,66.05999999999999,312.623,218.214,12,101,146,8.33,52.005,11.516,68,75,13,54.71,72.213,1.62,96,360,541,69.053,185.962,42.534,190,599,947,137.669,309.819,74.499,120,712,3306,86.616,368.249,260.112
Hawaii,2010,99395,134011,878476,5,23,55,47.378,174.257,62.365,15,81,447,149.19299999999998,606.023,509.294,7,41,168,71.37,309.345,191.225,1,5,10,8.201,39.569,11.008,5,5,1,71.80799999999999,77.14699999999999,2.72,9,23,39,87.55499999999999,168.17399999999998,43.987,15,38,72,154.233,282.176,82.25200000000001,10,47,181,97.845,348.549,206.176
Michigan,2010,826549,1088897,6365041,33,161,388,39.831,148.143,60.993,106,685,3646,128.11800000000002,629.111,572.8389999999999,71,426,1667,86.184,390.915,261.93300000000005,7,44,76,9.041,40.352,11.922,44,46,6,61.711,84.756,1.876,67,228,413,81.531,209.826,64.83999999999999,118,364,611,142.937,334.676,96.056,91,498,1939,110.471,457.062,304.646
Nevada,2010,219015,279716,1733566,11,50,138,51.748000000000005,177.25199999999998,79.661,31,165,985,141.153,588.544,568.467,17,99,397,75.402,354.221,229.018,2,15,22,11.094,51.862,12.548,13,12,2,70.64099999999999,83.724,1.967,18,54,100,82.907,192.767,57.693,36,83,177,165.825,297.569,102.005,21,111,471,94.45,396.907,271.704
New York,2010,1497645,2236959,12651349,62,318,716,41.565,141.94,56.567,250,1466,7302,166.80700000000002,655.208,577.176,101,667,2676,67.601,298.235,211.514,12,112,184,8.258,50.01499999999999,14.524,77,87,16,57.246,72.11099999999999,2.352,119,439,668,79.36999999999999,196.376,52.830000000000005,207,713,1111,138.225,318.57,87.81400000000001,133,777,3053,88.726,347.377,241.336
Pennsylvania,2010,977609,1402639,8359212,40,213,508,40.648,151.582,60.777,134,909,4835,137.418,648.245,578.4449999999999,93,513,2020,94.929,365.439,241.616,8,66,104,7.979,46.954,12.443,49,59,7,56.243,81.123,1.676,68,256,346,70.04299999999999,182.619,41.377,125,439,602,128.005,313.079,71.96900000000001,119,613,2435,121.441,437.322,291.298
Texas,2010,2243713,2871691,15188973,85,417,815,37.976000000000006,145.256,53.689,268,1681,8078,119.54,585.4200000000001,531.865,150,909,3282,66.743,316.461,216.095,26,122,156,11.561,42.603,10.258,108,110,13,53.982,66.19200000000001,1.504,138,416,516,61.431,145.033,33.972,273,697,890,121.639,242.857,58.58,198,1063,3907,88.411,370.28,257.24
Alabama,2011,385060,536921,3073532,13,62,125,32.715,114.617,40.509,44,283,1400,113.569,526.524,455.585,32,196,804,82.184,365.729,261.683,3,14,31,6.692,26.832,10.054,18,18,2,49.418,59.523,1.111,22,77,104,56.178,143.431,33.842,42,126,193,108.574,235.442,62.94800000000001,41,235,1010,107.653,437.098,328.727
California,2011,3156459,4427350,23658234,133,685,1401,42.105,154.648,59.2,413,2557,12529,130.775,577.558,529.578,171,1194,3741,54.277,269.758,158.142,34,256,305,10.839,57.8,12.885,183,203,32,68.288,88.187,2.464,279,963,1595,88.284,217.413,67.418,509,1483,2387,161.372,335.0,100.879,207,1377,4479,65.641,310.993,189.302
Florida,2011,1381693,1959129,12916437,42,258,655,30.753,131.767,50.743,172,1164,7100,124.469,594.0849999999999,549.654,77,570,2758,55.543,290.897,213.492,9,104,165,6.551,53.104,12.767,69,73,13,56.374,70.31099999999999,1.681,97,373,611,70.285,190.181,47.279,179,614,1006,129.879,313.581,77.89500000000001,100,683,3213,72.414,348.74300000000005,248.745
Hawaii,2011,97800,138119,887821,4,24,53,43.7,177.264,59.592,12,79,480,124.398,571.228,541.175,6,40,157,62.527,288.298,176.777,1,6,12,7.43,43.818000000000005,13.545,5,5,1,71.013,81.484,3.13,9,25,51,96.872,181.542,56.945,16,44,90,166.047,315.12,101.418,8,47,173,85.68,337.854,195.023
Michigan,2011,814217,1098296,6392662,31,153,398,37.845,139.662,62.283,109,684,3670,133.547,623.001,574.1659999999999,66,405,1680,81.41900000000001,369.122,262.87300000000005,6,39,67,7.859,35.661,10.405,45,46,6,64.592,84.179,2.045,72,243,423,88.938,221.251,66.092,122,378,652,149.998,344.069,101.97,88,487,1981,107.721,443.018,309.91400000000004
Nevada,2011,219786,282581,1757473,9,47,141,40.466,165.55800000000002,80.17,30,168,996,136.05800000000002,594.6949999999999,566.5949999999999,15,100,415,70.044,353.627,235.868,2,12,17,9.16,43.59,9.658,13,12,2,70.525,90.902,2.1870000000000003,19,57,113,87.66300000000001,200.119,64.351,37,90,199,169.01,319.867,113.007,20,112,478,91.046,395.966,272.032
New York,2011,1474700,2242476,12760358,53,292,735,36.089000000000006,130.3,57.62,244,1461,7438,165.572,651.676,582.908,85,692,2601,57.577000000000005,308.618,203.798,11,126,211,7.465,56.244,16.505,74,91,18,56.847,79.295,2.414,116,479,763,78.636,213.476,59.805,204,782,1239,138.59199999999998,348.735,97.117,117,797,3060,79.541,355.343,239.825
Pennsylvania,2011,964004,1405623,8405726,38,201,468,39.322,143.038,55.713,130,904,4944,134.496,642.8249999999999,588.176,85,500,2029,88.285,355.845,241.373,6,58,123,6.109,41.516,14.644,46,61,8,54.267,83.08,1.742,66,247,353,68.702,175.43900000000002,41.975,124,449,624,129.042,319.281,74.291,110,608,2515,113.969,432.307,299.195
Texas,2011,2265694,2919940,15484139,80,414,852,35.108,141.769,54.992,270,1652,8040,119.092,565.6529999999999,519.248,135,905,3181,59.601,309.975,205.446,25,123,139,11.205,42.225,8.97,108,114,14,52.623000000000005,68.93900000000001,1.473,143,402,511,63.221,137.608,32.984,279,720,930,123.321,246.441,60.075,183,1043,3826,80.895,357.214,247.106
Alabama,2012,383469,536933,3094837,13,65,170,34.81,120.707,54.973,43,273,1435,112.061,508.91,463.78,24,181,840,62.492,337.433,271.374,2,14,32,4.637,25.904,10.356,18,18,3,47.793,59.105,1.261,18,75,105,48.132,139.31,34.086,40,136,213,103.61,253.621,68.966,34,226,1006,88.27,421.7600000000001,324.993
California,2012,3117442,4458805,24005740,95,653,1559,30.527,146.444,64.92399999999999,362,2567,12683,116.041,575.645,528.317,134,1152,3861,43.055,258.33,160.83,25,278,361,7.861,62.297,15.047,164,193,32,60.075,83.682,2.611,243,965,1614,78.02099999999999,216.443,67.23400000000001,444,1519,2421,142.534,340.76800000000003,100.833,177,1301,4538,56.639,291.889,189.039
Florida,2012,1385416,1972330,13133353,38,236,734,27.777,119.558,55.911,177,1151,7211,127.869,583.6479999999999,549.081,69,553,2708,49.498,280.369,206.218,10,102,189,6.917000000000001,51.505,14.397,75,73,15,61.447,70.06800000000001,1.852,104,377,673,75.22099999999999,190.938,51.206,189,632,1063,136.417,320.62,80.964,101,680,3141,72.72099999999999,344.595,239.158
Hawaii,2012,97086,140225,896059,3,22,60,35.164,158.554,67.116,11,80,477,112.237,574.078,532.3050000000001,5,37,152,53.976000000000006,265.941,169.61499999999998,1,6,11,6.588,43.942,12.722,5,5,2,65.953,74.992,3.828,9,26,62,95.52,188.385,69.06400000000001,15,44,93,153.325,312.696,103.517,8,44,177,79.109,316.70500000000004,197.791
Michigan,2012,805764,1107310,6419614,25,150,396,30.725,135.333,61.655,104,703,3739,128.883,634.553,582.4399999999999,58,379,1670,71.36399999999999,342.72200000000004,260.18,3,30,57,3.45,27.322,8.926,48,48,7,69.843,87.122,2.507,74,245,490,91.255,221.508,76.361,130,383,755,161.158,345.927,117.574,78,458,1932,96.541,413.521,300.977
Nevada,2012,221167,285463,1788826,7,40,129,31.144,140.72799999999998,72.21,28,168,1058,127.59300000000002,589.4549999999999,591.534,13,94,447,60.457,329.967,249.717,1,11,21,6.408,39.133,11.728,11,10,2,60.721,75.43900000000001,2.708,18,53,112,83.29,185.582,62.526,35,88,200,158.383,309.623,111.897,18,108,501,83.04599999999999,379.613,280.334
New York,2012,1456617,2243318,12875810,47,289,754,32.268,129.021,58.554,209,1427,7704,143.54500000000002,636.291,598.324,74,651,2577,50.982,290.165,200.161,9,124,212,6.087000000000001,55.343,16.485,74,88,20,58.223,76.579,2.491,118,457,798,81.249,203.655,61.955000000000005,213,762,1367,146.237,339.731,106.14,105,771,3092,72.098,343.555,240.117
Pennsylvania,2012,951880,1397926,8449649,32,205,462,33.907,146.917,54.722,125,900,5054,130.857,644.153,598.146,72,501,2024,76.139,358.298,239.553,4,57,122,4.467,40.632000000000005,14.415,48,60,8,57.396,84.63600000000001,1.893,65,266,366,68.149,190.136,43.371,125,458,640,131.75,327.759,75.729,102,608,2499,106.842,435.057,295.725
Texas,2012,2295567,2964444,15777963,71,389,945,30.839,131.183,59.875,263,1652,7912,114.617,557.431,501.435,119,881,3196,51.742,297.034,202.591,17,119,162,7.445,40.214,10.238,102,108,16,47.877,63.425,1.673,134,411,572,58.335,138.797,36.23500000000001,259,742,972,112.732,250.251,61.587,161,1030,3854,70.24,347.372,244.275
Alabama,2013,382134,535409,3116298,11,57,164,28.38,107.296,52.709,40,275,1488,105.302,513.594,477.377,22,184,839,56.585,343.214,269.293,2,17,31,4.213,30.935,10.056,17,18,3,44.59,60.41,1.49,19,81,126,49.81,150.424,40.28,38,145,221,99.03,269.916,71.006,32,232,1011,84.293,433.698,324.319
California,2013,3080548,4469106,24421137,85,582,1460,27.535,130.143,59.793,370,2577,13257,120.096,576.724,542.8389999999999,113,1073,3696,36.585,240.124,151.351,28,273,382,8.933,61.104,15.66,165,195,38,61.609,85.62899999999999,2.854,269,941,1733,87.369,210.463,70.94399999999999,463,1506,2664,150.342,336.943,109.081,154,1235,4493,49.979,276.36100000000005,183.998
Florida,2013,1390131,1980707,13387121,39,214,755,27.882,107.953,56.399,170,1155,7592,122.65,582.886,567.141,61,534,2869,44.16,269.673,214.344,10,110,211,7.315,55.342,15.788,73,76,16,59.496,74.764,2.002,104,402,764,75.087,203.198,57.034,196,666,1128,140.92,336.389,84.233,92,653,3318,66.224,329.617,247.847
Hawaii,2013,96971,140686,904925,2,18,57,24.875,127.535,63.21300000000001,11,83,472,112.036,591.333,521.956,4,37,154,45.117,262.97700000000003,169.672,0,6,11,4.9030000000000005,42.429,12.417,5,5,2,65.123,64.28399999999999,4.341,7,22,60,76.521,158.73999999999998,66.77900000000001,13,38,92,139.05,273.16200000000003,101.293,6,43,185,66.547,309.075,204.771
Michigan,2013,797647,1114774,6446918,19,142,349,24.436,127.71099999999998,54.064,92,703,3763,115.64,630.212,583.725,45,355,1627,56.796,318.356,252.306,3,35,49,3.305,31.634000000000004,7.661,46,48,8,65.53200000000001,89.143,2.699,64,258,528,80.85000000000001,231.684,81.95700000000001,120,391,793,150.98,350.468,122.941,65,440,1881,81.741,394.505,291.752
Nevada,2013,221704,287435,1826942,7,36,116,30.981,125.18099999999998,63.266000000000005,30,168,1079,135.936,583.145,590.467,12,87,439,53.436,304.035,240.24,2,12,24,6.864,41.817,13.081,11,12,3,61.45,88.423,2.948,18,52,112,79.69500000000001,180.072,61.266,32,90,182,144.209,311.622,99.801,17,100,502,76.07600000000001,347.839,274.91
New York,2013,1440280,2239134,12988411,39,267,795,27.422,119.176,61.182,185,1369,7799,128.559,611.377,600.447,63,588,2642,43.405,262.497,203.409,10,120,250,7.108,53.512,19.278,72,93,21,56.629,76.34,2.807,112,438,870,77.521,195.743,67.018,201,728,1443,139.44699999999995,325.158,111.132,85,698,3118,59.012,311.78099999999995,240.036
Pennsylvania,2013,941238,1382616,8494600,25,194,499,26.593,139.986,58.734,121,891,5168,128.709,644.236,608.3530000000001,62,452,1923,65.872,327.185,226.375,5,58,103,4.842,41.65,12.095,45,54,10,53.194,79.05199999999999,2.1220000000000003,66,268,454,69.987,193.604,53.446,116,445,704,123.69,321.821,82.85,86,558,2313,91.437,403.676,272.32
Texas,2013,2327085,3010183,16119667,66,349,981,28.214,115.97,60.846,252,1689,8202,108.077,561.1350000000001,508.848,100,862,3383,42.939,286.34900000000005,209.843,14,111,159,5.831,36.723,9.866,103,105,19,47.859,60.642,1.854,142,453,679,61.21,150.588,42.115,251,760,1032,107.887,252.475,63.993,137,1024,3931,58.787,340.221,243.855
Alabama,2014,380801,530600,3138127,8,51,129,21.734,96.451,40.992,33,276,1470,87.635,519.8770000000001,468.289,20,180,781,53.381,339.95,248.888,2,17,31,4.101999999999999,32.04,9.905,16,20,4,43.638000000000005,63.945,1.978,20,76,121,51.607,143.339,38.612,37,139,214,97.093,261.25100000000003,68.116,30,224,979,77.816,422.686,312.065
California,2014,3054845,4457598,24866806,83,528,1510,27.289,118.472,60.73,334,2534,13820,109.246,568.452,555.763,94,976,3730,30.874,219.032,150.002,29,263,407,9.431,59.107,16.349,153,184,57,58.903,81.688,4.183,254,915,1964,83.226,205.23,78.961,431,1459,3046,141.126,327.247,122.502,131,1152,4526,42.95,258.395,182.006
Florida,2014,1399768,1984453,13702886,38,204,767,26.868,103.029,55.977,150,1168,8051,107.235,588.5409999999999,587.573,50,470,2707,35.58,236.595,197.547,9,117,199,6.475,59.11,14.505,69,76,22,55.685,73.867,2.805,95,412,823,67.80600000000001,207.419,60.076,189,652,1311,134.893,328.775,95.681,72,590,3206,51.683,297.492,233.955
Hawaii,2014,96910,140448,916539,2,15,45,24.752,106.659,48.633,10,78,450,105.542,555.1859999999999,490.448,3,34,154,31.294000000000004,239.805,167.918,1,7,14,7.630999999999999,52.061,14.963,5,5,3,63.111,69.882,5.939,6,23,63,61.508,160.947,68.80699999999999,13,38,95,137.661,272.099,103.749,5,40,177,50.89,282.218,193.068
Michigan,2014,788717,1114570,6479469,21,128,325,26.3,114.924,50.193000000000005,84,677,3756,106.891,607.678,579.609,41,321,1508,51.667,288.295,232.735,3,40,61,4.437,35.611999999999995,9.41,40,45,11,57.885,81.716,3.477,64,254,528,80.626,227.763,81.415,111,372,783,140.446,334.126,120.813,60,422,1798,75.674,378.62,277.427
Nevada,2014,222788,288699,1872598,7,34,108,30.158,117.148,57.901,30,164,1065,136.67000000000002,568.111,568.4780000000001,10,79,417,43.961,275.057,222.872,2,12,21,7.157,41.602,11.373,12,13,4,62.76,98.506,3.853,16,49,120,73.92999999999999,170.52100000000002,64.278,30,88,191,134.97,304.56100000000004,101.882,15,94,480,69.40899999999999,327.173,256.535
New York,2014,1427531,2228431,13092078,36,258,779,25.103,115.859,59.538,179,1371,7594,125.722,615.091,580.0509999999999,59,562,2653,41.316,252.388,202.646,10,140,274,7.31,62.86899999999999,20.957,69,100,26,54.306,86.267,3.554,108,506,987,75.509,226.869,75.42500000000001,188,801,1530,131.68099999999998,359.475,116.849,81,657,3142,57.048,294.664,240.011
Pennsylvania,2014,934275,1364517,8539968,24,181,494,25.3,132.57399999999998,57.897,106,873,5152,113.41,639.467,603.244,47,404,1885,50.283,295.759,220.681,5,64,106,5.404,47.132,12.426,39,52,13,47.398,76.534,2.922,65,259,514,69.78399999999999,189.689,60.152,111,442,786,118.815,323.582,92.071,68,512,2296,72.357,375.396,268.878
Texas,2014,2361420,3057833,16501892,70,327,907,29.765,107.004,54.974,235,1678,8587,99.607,548.639,520.341,92,805,3298,39.07299999999999,263.356,199.852,16,128,166,6.964,41.853,10.045,105,106,23,48.689,60.787,2.343,162,461,713,68.57900000000001,150.786,43.228,276,771,1166,116.954,252.1,70.655,136,952,3982,57.387,311.44,241.336
Alabama,2015,378330,522750,3159474,6,47,115,16.727,90.798,36.442,31,265,1361,80.751,507.567,430.638,18,144,758,48.292,275.115,239.802,1,15,32,3.3,29.587,10.232,15,21,5,41.864,63.9,2.691,20,74,119,52.037,142.50199999999998,37.664,38,135,212,101.072,258.983,67.18499999999999,29,190,951,76.49300000000001,362.56500000000005,300.86800000000005
California,2015,3039214,4399955,25184187,71,468,1549,23.255000000000003,106.419,61.505,276,2380,13570,90.773,541.022,538.836,81,850,3736,26.552,193.156,148.353,23,315,452,7.547,71.623,17.955,150,169,66,56.758,75.71600000000001,4.816,223,1016,2190,73.327,230.919,86.964,402,1495,3399,132.326,339.802,134.972,119,1017,4405,39.101,231.028,174.89499999999998
Florida,2015,1405801,1971645,14028654,31,196,753,22.035,99.447,53.644,129,1134,8038,91.488,574.96,572.9929999999999,41,401,2450,29.252,203.587,174.62,6,105,171,4.496,53.479,12.199,70,75,26,56.223,73.131,3.244,99,391,842,70.306,198.152,59.998000000000005,179,664,1432,127.166,336.56,102.102,62,520,3000,44.438,263.748,213.868
Hawaii,2015,96573,135482,926174,2,13,42,23.464,98.573,45.822,9,70,430,90.966,520.089,464.351,3,31,138,29.758,228.622,149.166,1,7,15,8.392999999999999,50.052,16.509,5,5,2,65.60100000000001,82.496,4.168,6,25,63,66.348,186.575,68.14399999999999,13,38,100,133.825,280.663,108.189,4,35,173,40.449,257.261,187.164
Michigan,2015,779507,1108537,6511669,18,120,345,23.609,108.278,52.972,81,660,3731,103.931,595.823,572.954,36,298,1522,45.768,268.63,233.721,3,42,76,4.431,37.941,11.663,39,44,16,57.411,80.594,5.401999999999999,62,245,579,79.789,220.69,88.931,112,384,821,143.63500000000002,346.023,126.12,52,377,1820,66.348,340.038,279.572
Nevada,2015,224147,287409,1916967,6,32,92,25.913,110.411,47.927,28,153,1056,122.761,532.525,550.841,8,66,406,34.29,230.253,211.724,1,14,29,6.602,48.217000000000006,15.316,12,10,6,68.258,76.561,5.765000000000001,19,52,129,86.497,182.526,67.065,33,84,202,146.55599999999998,293.892,105.142,12,82,476,55.065000000000005,285.572,248.1
New York,2015,1416226,2197628,13150285,31,245,741,22.125,111.563,56.362,161,1376,7626,113.717,625.993,579.902,44,488,2498,31.402,222.225,189.993,6,127,265,4.522,57.67400000000001,20.146,72,96,30,55.818,85.37599999999999,4.22,103,514,1006,72.787,233.827,76.521,175,812,1503,123.717,369.638,114.325,69,621,3005,48.913,282.597,228.478
Pennsylvania,2015,928154,1344620,8572327,20,161,428,21.155,119.946,49.98,93,837,5119,100.211,622.691,597.1800000000001,36,377,1915,39.05200000000001,280.567,223.376,5,70,127,5.622,52.175,14.82,39,53,15,45.645,80.75200000000001,3.4650000000000003,58,270,562,62.452,200.435,65.54,101,436,877,109.291,324.461,102.352,59,486,2378,63.557,361.733,277.441
Texas,2015,2395358,3083498,16842117,57,299,783,23.792,96.886,46.499,212,1624,8687,88.62100000000001,526.6370000000001,515.772,70,736,3347,29.023,238.648,198.71,14,145,157,5.732,46.9,9.331,99,100,18,45.24,54.999,1.791,142,450,729,59.352,145.847,43.26,251,784,1229,104.694,254.22,72.96900000000001,106,890,4162,44.247,288.599,247.093
Alabama,2016,375632,515697,3179298,6,41,137,15.429,79.276,43.044,33,259,1417,88.801,501.778,445.571,18,132,805,47.966,255.984,253.226,1,20,45,3.588,38.351000000000006,14.149,14,20,7,39.066,62.964000000000006,3.49,20,85,155,52.579,164.75799999999998,48.639,36,136,257,96.71,263.513,80.80900000000001,30,182,1014,78.957,352.822,319.087
California,2016,3033914,4323156,25492189,61,428,1322,20.063,98.982,51.848,272,2320,13984,89.52300000000001,536.5790000000001,548.548,63,737,3584,20.833,170.41600000000005,140.573,21,345,523,6.855,79.883,20.518,150,187,64,56.014,84.32000000000001,4.479,210,1041,2473,69.323,240.683,96.997,404,1579,3730,133.039,365.263,146.333,105,889,4339,34.507000000000005,205.616,170.224
Florida,2016,1415667,1960092,14351670,29,195,713,20.254,99.537,49.674,140,1106,7936,98.615,564.294,552.971,39,374,2543,27.595,190.764,177.171,6,122,218,4.482,62.195,15.185,72,77,30,56.973000000000006,77.283,3.723,106,439,988,74.767,223.871,68.81099999999999,191,701,1534,134.627,357.712,106.861,65,500,3066,46.207,255.068,213.607
Hawaii,2016,95796,128416,934643,2,14,44,21.465,112.616,47.192,8,71,444,81.292,551.336,475.36,3,29,126,26.269,229.506,134.535,1,7,14,5.845000000000001,52.206,15.468,4,5,2,58.722,88.72099999999999,4.356,6,22,66,65.43599999999999,174.46,70.58200000000001,11,35,106,114.307,271.371,113.868,3,32,163,34.122,251.449,174.02200000000002
Michigan,2016,770605,1100969,6555498,14,106,342,18.125,96.405,52.227,83,648,3750,107.627,588.989,572.114,28,259,1536,36.839,235.582,234.235,3,52,87,4.422,47.484,13.339,41,48,17,60.212,89.07,5.827999999999999,60,267,652,77.254,242.372,99.481,109,418,879,141.523,380.049,134.076,43,334,1830,55.181,303.19800000000004,279.129
Nevada,2016,226449,285045,1964559,5,33,101,23.309,117.469,51.619,22,142,1030,96.311,499.426,524.5079999999999,6,64,414,27.828,223.316,210.573,1,17,40,6.214,58.313,20.195,11,11,6,63.053,85.223,5.484,20,74,199,88.19,258.64300000000003,101.089,33,102,282,143.66899999999998,358.075,143.383,10,79,508,46.11,277.482,258.422
New York,2016,1403019,2156021,13244748,25,211,716,17.893,98.013,54.09,138,1338,7720,98.545,620.698,582.889,34,416,2265,24.084,193.038,171.037,6,125,283,4.437,57.929,21.336,68,90,34,52.102,81.576,5.074000000000001,95,503,994,67.491,233.469,75.015,167,778,1491,118.789,361.048,112.601,52,562,2685,37.245,260.877,202.738
Pennsylvania,2016,922209,1328664,8602887,14,137,389,15.036,103.175,45.17,93,801,5230,100.557,603.0450000000001,607.9,34,336,1859,37.132,253.171,216.137,5,74,136,5.356,55.66,15.83,37,52,17,43.926,79.863,4.122,52,284,557,55.948,213.785,64.77,96,448,890,103.612,337.375,103.407,54,460,2360,58.801,346.019,274.329
Texas,2016,2431437,3086931,17182224,39,280,722,15.954,90.615,42.0,213,1594,8891,87.706,516.495,517.437,59,691,3414,24.064,223.763,198.691,11,136,186,4.553,44.218,10.835,95,103,29,42.052,55.631,2.673,118,452,788,48.551,146.267,45.855,234,808,1354,96.091,261.883,78.826,91,841,4189,37.473,272.409,243.776
Alabama,2017,373065,510012,3201636,6,40,145,15.82,79.102,45.332,35,250,1528,92.51,490.145,477.141,18,131,838,49.056,255.973,261.776,1,23,45,3.843,44.875,14.012,14,19,7,40.615,60.559000000000005,3.657,23,95,221,61.763,186.689,69.101,38,138,338,102.404,270.892,105.488,27,172,1017,73.40299999999999,337.879,317.542
California,2017,3026428,4250955,25769686,56,437,1455,18.454,102.822,56.456,252,2346,14513,83.305,551.764,563.1709999999999,47,617,3326,15.428,145.171,129.055,15,326,585,5.08,76.794,22.708,169,204,96,64.03200000000001,95.863,6.785,213,1065,2676,70.53,250.649,103.852,418,1668,4005,138.2,392.286,155.40300000000002,83,797,4116,27.279,187.553,159.735
Florida,2017,1431798,1961154,14656396,22,162,632,15.468,82.841,43.09,145,1028,7984,101.228,524.1940000000001,544.755,41,331,2576,28.459000000000003,168.73,175.77100000000002,7,119,235,4.812,60.846,16.029999999999998,72,82,29,55.116,77.523,3.844,101,449,1124,70.55699999999999,228.752,76.706,186,678,1722,130.08,345.845,117.498,65,463,3105,45.535,236.072,211.844
Hawaii,2017,95447,123940,938835,2,14,45,21.916,116.01,47.406,7,69,471,71.757,555.282,501.942,2,25,125,21.805,197.69,133.217,0,7,16,3.531,60.241,17.503999999999998,4,5,1,60.931,77.11,5.072,5,21,76,53.126,167.02700000000002,80.93599999999999,11,35,120,112.0,282.76800000000003,127.311,3,28,156,27.611,222.497,166.534
Michigan,2017,762352,1091893,6612857,12,105,332,15.706,95.999,50.273,78,653,3801,102.118,598.169,574.8480000000001,23,229,1400,30.166,209.337,211.757,3,66,95,4.561,60.187,14.356,43,57,24,64.344,104.446,7.316999999999999,60,300,708,78.658,274.975,107.024,105,447,1011,137.833,409.181,152.82299999999998,38,314,1705,50.027,287.387,257.87
Nevada,2017,229143,283377,2008499,4,29,105,17.984,102.827,52.526,18,148,1075,80.631,521.0360000000001,535.177,6,62,436,27.882,219.502,217.107,1,17,39,5.42,58.401,19.576,11,14,10,58.347,116.761,9.226,21,91,267,91.651,320.867,133.124,33,121,397,142.657,425.479,197.878,10,80,537,42.16,280.558,267.169
New York,2017,1375507,2093893,13260774,20,188,680,14.643,89.66499999999999,51.276,127,1237,7455,92.295,590.894,562.209,29,379,2042,21.294,180.957,153.994,5,144,290,3.946,68.801,21.833,66,88,35,52.363,83.63,4.938,91,507,1035,66.19500000000001,242.221,78.08,172,795,1589,124.914,379.857,119.79,49,525,2432,35.3,250.641,183.365
Pennsylvania,2017,916014,1313052,8642237,15,146,398,16.268,111.349,45.996,85,781,5189,93.146,594.778,600.3929999999999,29,299,1770,31.708,227.856,204.847,5,87,139,5.312,65.999,16.128,42,50,13,49.834,77.352,3.782,49,259,603,53.09,197.126,69.782,101,455,986,110.259,346.537,114.066,45,416,2228,48.861,316.65500000000003,257.813
Texas,2017,2463690,3098890,17545587,32,257,734,13.058,83.001,41.81,202,1557,8941,81.976,502.471,509.575,55,609,3309,22.437,196.581,188.605,11,124,194,4.422,39.89,11.039,102,119,44,43.725,62.186,3.624,119,455,829,48.153,146.741,47.236,244,817,1498,99.043,263.59,85.405,85,773,4059,34.309,249.371,231.352
